id;page_number;file_name;s_3_key;pre_signed_url;url_expires_at;format;quality;width;height;file_size;dpi;sha_256_hash;generated_at;metadata;conversion_request_id
1;30422;yahoo offensively;obedient hexagon;continually on;2025-12-29T15:53:19;JPEG;MEDIUM;777;31440;1610;10815;because cluttered times;2025-12-29T20:02:42;../fake-data/blob/hipster.txt;1
2;18893;psst;boo electronics;pleasure;2025-12-29T12:02:55;PNG;ULTRA;7854;26209;30943;2886;assured dividend homely;2025-12-30T02:38:20;../fake-data/blob/hipster.txt;2
3;19283;toward;ha;culture defrag oddly;2025-12-29T07:39:11;JPEG;MEDIUM;12133;17313;7629;5423;consequently;2025-12-29T14:12:08;../fake-data/blob/hipster.txt;3
4;29671;jot;gray enhance;bulky;2025-12-29T15:04:12;WEBP;HIGH;11616;24736;13424;24504;memorise;2025-12-30T05:44:50;../fake-data/blob/hipster.txt;4
5;12336;afore;although;onto;2025-12-29T19:39:37;WEBP;ULTRA;26437;11103;6347;13919;gosh;2025-12-29T14:53:14;../fake-data/blob/hipster.txt;5
6;28976;save;tensely and because;wolf conclude handy;2025-12-29T14:44:35;WEBP;MEDIUM;8997;7894;3959;22451;noteworthy;2025-12-29T21:40:00;../fake-data/blob/hipster.txt;6
7;20875;complete polite;woefully litter;from inwardly;2025-12-29T08:29:29;WEBP;HIGH;32410;29816;15257;3358;runway;2025-12-30T00:27:20;../fake-data/blob/hipster.txt;7
8;21964;upside-down anxiously;whether ick hm;ack;2025-12-29T10:21:36;PNG;MEDIUM;6166;8321;25900;13140;while rebuild well-lit;2025-12-29T16:26:49;../fake-data/blob/hipster.txt;8
9;26848;concrete;misfire term;yearly;2025-12-29T07:07:39;PNG;ULTRA;11368;2444;16631;8802;ironclad;2025-12-29T16:11:22;../fake-data/blob/hipster.txt;9
10;13151;irk oof tall;pfft story;briefly;2025-12-30T04:30:28;JPEG;HIGH;29512;24425;11427;2785;intermesh hello;2025-12-29T13:46:31;../fake-data/blob/hipster.txt;10
